date;scenario;macro_categ;final_rate_service;duration_in_sec;pref_elic_duration_in_sec;recomm_duration_in_sec;number_interactions;has_user_perfermed_a_healthy_choice;nutri_score;fsa_score;id_dish_choice;user_constraints;proposal_random_1;proposal_random_2;proposal_random_3;proposal_random_4;proposal_random_5;number_skips;number_likes;all_dishes_shown_pref_elic;url_dishes_pairwise_comparisons;final_dish_not_chosen
24/06/2022 12:10:22;Scenario Textual;Dessert;5;97;29;21;6;True;B;6;http://allrecipes.com/recipe/floating-islands-ii/detail.aspx;onion,tomato;http://allrecipes.com/recipe/white-chocolate-raspberry-cheesecake/detail.aspx;http://allrecipes.com/recipe/white-chip-chocolate-cookies/detail.aspx;http://allrecipes.com/recipe/pumpkin-upside-down-cake/detail.aspx;http://allrecipes.com/recipe/caramel-sea-salt-dark-chocolate-coins/detail.aspx;http://allrecipes.com/recipe/banana-and-vanilla-cupcakes-with-buttercream-frosting/detail.aspx;6;5;http://allrecipes.com/recipe/white-chocolate-raspberry-cheesecake/detail.aspx,http://allrecipes.com/recipe/white-chip-chocolate-cookies/detail.aspx,http://allrecipes.com/recipe/monster-cookies-vii/detail.aspx,http://allrecipes.com/recipe/pineapple-pound-cake/detail.aspx,http://allrecipes.com/recipe/apple-crisp-ii/detail.aspx,http://allrecipes.com/recipe/amys-chocolate-chip-cookies/detail.aspx,http://allrecipes.com/recipe/rich-chocolate-cupcake/detail.aspx,http://allrecipes.com/recipe/sunrise-salad/detail.aspx,http://allrecipes.com/recipe/pumpkin-upside-down-cake/detail.aspx,http://allrecipes.com/recipe/caramel-sea-salt-dark-chocolate-coins/detail.aspx,http://allrecipes.com/recipe/banana-and-vanilla-cupcakes-with-buttercream-frosting/detail.aspx;http://allrecipes.com/recipe/chef-johns-chocolate-lava-cake/detail.aspx - http://allrecipes.com/recipe/floating-islands-ii/detail.aspx;http://allrecipes.com/recipe/chef-johns-chocolate-lava-cake/detail.aspx
24/06/2022 12:12:34;Scenario Textual;Salad;4;85;30;13;6;False;B;8;http://allrecipes.com/recipe/sweet-and-savory-broccoli-salad/detail.aspx;yes iam maintaining diet,Lactose;http://allrecipes.com/recipe/broccoli-cashew-salad/detail.aspx;http://allrecipes.com/recipe/refreshing-cucumber-salad/detail.aspx;http://allrecipes.com/recipe/spinach-and-mushroom-salad/detail.aspx;http://allrecipes.com/recipe/my-little-secret/detail.aspx;http://allrecipes.com/recipe/crunchy-lettuce/detail.aspx;0;5;http://allrecipes.com/recipe/broccoli-cashew-salad/detail.aspx,http://allrecipes.com/recipe/refreshing-cucumber-salad/detail.aspx,http://allrecipes.com/recipe/spinach-and-mushroom-salad/detail.aspx,http://allrecipes.com/recipe/my-little-secret/detail.aspx,http://allrecipes.com/recipe/crunchy-lettuce/detail.aspx;http://allrecipes.com/recipe/sweet-and-savory-broccoli-salad/detail.aspx - http://allrecipes.com/recipe/iceberg-wedge-salad-with-warm-bacon-dressing/detail.aspx;http://allrecipes.com/recipe/iceberg-wedge-salad-with-warm-bacon-dressing/detail.aspx
24/06/2022 12:13:18;Scenario Textual;Pasta;5;69;17;16;6;False;B;8;http://allrecipes.com/recipe/red-pepper-pesto-pasta/detail.aspx;;http://allrecipes.com/recipe/bow-tie-medley/detail.aspx;http://allrecipes.com/recipe/roasted-potato-cauliflower-pasta/detail.aspx;http://allrecipes.com/recipe/ziti-with-tomato-pesto-sauce/detail.aspx;http://allrecipes.com/recipe/salami-and-kalamata-primavera-salad/detail.aspx;http://allrecipes.com/recipe/rapini-walnut-macaroni/detail.aspx;2;5;http://allrecipes.com/recipe/lasagna/detail.aspx,http://allrecipes.com/recipe/bow-tie-medley/detail.aspx,http://allrecipes.com/recipe/roasted-potato-cauliflower-pasta/detail.aspx,http://allrecipes.com/recipe/ziti-with-tomato-pesto-sauce/detail.aspx,http://allrecipes.com/recipe/salami-and-kalamata-primavera-salad/detail.aspx,http://allrecipes.com/recipe/spaghetti-with-broccoli-and-chicken/detail.aspx,http://allrecipes.com/recipe/rapini-walnut-macaroni/detail.aspx;http://allrecipes.com/recipe/red-pepper-pesto-pasta/detail.aspx - http://allrecipes.com/recipe/nicoles-chicken-pasta/detail.aspx;http://allrecipes.com/recipe/nicoles-chicken-pasta/detail.aspx
24/06/2022 12:13:30;Scenario Textual;Pasta;2;53;26;6;6;False;A;7;http://allrecipes.com/recipe/quick-creamy-spinach-and-tomato-pasta/detail.aspx;Meat,Lactose;http://allrecipes.com/recipe/ramen-noodle-salad/detail.aspx;http://allrecipes.com/recipe/creamy-spinach-pasta/detail.aspx;http://allrecipes.com/recipe/dads-pad-thai/detail.aspx;http://allrecipes.com/recipe/rutabaga-salad/detail.aspx;http://allrecipes.com/recipe/linguine-with-fresh-sage-caper-sauce/detail.aspx;0;5;http://allrecipes.com/recipe/ramen-noodle-salad/detail.aspx,http://allrecipes.com/recipe/creamy-spinach-pasta/detail.aspx,http://allrecipes.com/recipe/dads-pad-thai/detail.aspx,http://allrecipes.com/recipe/rutabaga-salad/detail.aspx,http://allrecipes.com/recipe/linguine-with-fresh-sage-caper-sauce/detail.aspx;http://allrecipes.com/recipe/quick-creamy-spinach-and-tomato-pasta/detail.aspx - http://allrecipes.com/recipe/marinara-with-white-wine/detail.aspx;http://allrecipes.com/recipe/marinara-with-white-wine/detail.aspx
24/06/2022 12:16:18;Scenario Textual;Salad;5;132;15;11;6;False;A;6;http://allrecipes.com/recipe/summer-anytime-crisp-corn-salad/detail.aspx;yes i'm maintaining diet,Meat;http://allrecipes.com/recipe/caribbean-sweet-potato-salad/detail.aspx;http://allrecipes.com/recipe/german-wurst-salad/detail.aspx;http://allrecipes.com/recipe/veggie-bulgur-salad-kisir/detail.aspx;http://allrecipes.com/recipe/pipirrana-spanish-potato-salad/detail.aspx;http://allrecipes.com/recipe/seafood-salad-iii/detail.aspx;0;5;http://allrecipes.com/recipe/caribbean-sweet-potato-salad/detail.aspx,http://allrecipes.com/recipe/german-wurst-salad/detail.aspx,http://allrecipes.com/recipe/veggie-bulgur-salad-kisir/detail.aspx,http://allrecipes.com/recipe/pipirrana-spanish-potato-salad/detail.aspx,http://allrecipes.com/recipe/seafood-salad-iii/detail.aspx;http://allrecipes.com/recipe/summer-anytime-crisp-corn-salad/detail.aspx - http://allrecipes.com/recipe/french-cafe-summer-salad/detail.aspx;http://allrecipes.com/recipe/french-cafe-summer-salad/detail.aspx
24/06/2022 12:24:11;Scenario Textual;Salad;5;202;19;10;6;False;B;6;http://allrecipes.com/recipe/refreshing-cucumber-salad/detail.aspx;yes i am maintaining diet,Lactose;http://allrecipes.com/recipe/sweet-and-sour-coleslaw/detail.aspx;http://allrecipes.com/recipe/tomato-cucumber-onion-salad/detail.aspx;http://allrecipes.com/recipe/warm-italian-potato-salad/detail.aspx;http://allrecipes.com/recipe/easy-and-quick-strawberry-summer-salad/detail.aspx;http://allrecipes.com/recipe/grandpa-buicks-famous-potato-salad/detail.aspx;0;5;http://allrecipes.com/recipe/sweet-and-sour-coleslaw/detail.aspx,http://allrecipes.com/recipe/tomato-cucumber-onion-salad/detail.aspx,http://allrecipes.com/recipe/warm-italian-potato-salad/detail.aspx,http://allrecipes.com/recipe/easy-and-quick-strawberry-summer-salad/detail.aspx,http://allrecipes.com/recipe/grandpa-buicks-famous-potato-salad/detail.aspx;http://allrecipes.com/recipe/refreshing-cucumber-salad/detail.aspx - http://allrecipes.com/recipe/baked-eggplant-salad/detail.aspx;http://allrecipes.com/recipe/baked-eggplant-salad/detail.aspx
24/06/2022 12:25:07;Scenario Textual;Pasta;4;63;21;4;6;False;A;5;http://allrecipes.com/recipe/tomato-and-basil-pasta-sauce/detail.aspx;yes iam diet maintaing,Lactose;http://allrecipes.com/recipe/macaroni-pineapple-and-ham-salad/detail.aspx;http://allrecipes.com/recipe/vegan-lentil-kale-and-red-onion-pasta/detail.aspx;http://allrecipes.com/recipe/balsamic-chicken-and-pasta/detail.aspx;http://allrecipes.com/recipe/dads-pad-thai/detail.aspx;http://allrecipes.com/recipe/nicoles-chicken-pasta/detail.aspx;0;5;http://allrecipes.com/recipe/macaroni-pineapple-and-ham-salad/detail.aspx,http://allrecipes.com/recipe/vegan-lentil-kale-and-red-onion-pasta/detail.aspx,http://allrecipes.com/recipe/balsamic-chicken-and-pasta/detail.aspx,http://allrecipes.com/recipe/dads-pad-thai/detail.aspx,http://allrecipes.com/recipe/nicoles-chicken-pasta/detail.aspx;http://allrecipes.com/recipe/tomato-and-basil-pasta-sauce/detail.aspx - http://allrecipes.com/recipe/summer-penne-pasta/detail.aspx;http://allrecipes.com/recipe/summer-penne-pasta/detail.aspx
24/06/2022 12:49:37;Scenario Textual;Salad;5;132;17;32;6;False;A;5;http://allrecipes.com/recipe/persian-style-tomato-avocado-salad/detail.aspx;Seafood;http://allrecipes.com/recipe/awesome-summer-watermelon-salad/detail.aspx;http://allrecipes.com/recipe/apple-brie-and-walnut-salad/detail.aspx;http://allrecipes.com/recipe/spicy-southwest-chopped-salad-with-salsa-verde/detail.aspx;http://allrecipes.com/recipe/french-lentil-salad-with-goat-cheese/detail.aspx;http://allrecipes.com/recipe/cobb-salad/detail.aspx;0;5;http://allrecipes.com/recipe/awesome-summer-watermelon-salad/detail.aspx,http://allrecipes.com/recipe/apple-brie-and-walnut-salad/detail.aspx,http://allrecipes.com/recipe/spicy-southwest-chopped-salad-with-salsa-verde/detail.aspx,http://allrecipes.com/recipe/french-lentil-salad-with-goat-cheese/detail.aspx,http://allrecipes.com/recipe/cobb-salad/detail.aspx;http://allrecipes.com/recipe/persian-style-tomato-avocado-salad/detail.aspx - http://allrecipes.com/recipe/warm-sweet-potato-salad/detail.aspx;http://allrecipes.com/recipe/warm-sweet-potato-salad/detail.aspx
24/06/2022 13:03:16;Scenario Textual;Pasta;4;44;11;11;6;False;A;6;http://allrecipes.com/recipe/simple-spinach-lasagna/detail.aspx;mushrooms;http://allrecipes.com/recipe/alfredo-sauce-2/detail.aspx;http://allrecipes.com/recipe/turkey-ragu-with-fontina-and-parmesan/detail.aspx;http://allrecipes.com/recipe/shortcut-lasagna-2/detail.aspx;http://allrecipes.com/recipe/chicken-and-broccoli-pasta/detail.aspx;http://allrecipes.com/recipe/awesome-easy-pasta/detail.aspx;0;5;http://allrecipes.com/recipe/alfredo-sauce-2/detail.aspx,http://allrecipes.com/recipe/turkey-ragu-with-fontina-and-parmesan/detail.aspx,http://allrecipes.com/recipe/shortcut-lasagna-2/detail.aspx,http://allrecipes.com/recipe/chicken-and-broccoli-pasta/detail.aspx,http://allrecipes.com/recipe/awesome-easy-pasta/detail.aspx;http://allrecipes.com/recipe/simple-spinach-lasagna/detail.aspx - http://allrecipes.com/recipe/chicken-penne-italiano/detail.aspx;http://allrecipes.com/recipe/chicken-penne-italiano/detail.aspx
24/06/2022 13:04:18;Scenario Textual;Pasta;5;122;52;35;6;True;A;5;http://allrecipes.com/recipe/lisas-lasagne/detail.aspx;;http://allrecipes.com/recipe/easy-chicken-alfredo/detail.aspx;http://allrecipes.com/recipe/tomato-vodka-sauce/detail.aspx;http://allrecipes.com/recipe/tortellini-steak-and-caesar/detail.aspx;http://allrecipes.com/recipe/healthier-macaroni-and-cheese/detail.aspx;http://allrecipes.com/recipe/broccoli-mac-and-cheese-with-bacon-and-potato-nugget-topping/detail.aspx;12;5;http://allrecipes.com/recipe/jims-birthday-pasta-salad/detail.aspx,http://allrecipes.com/recipe/spinach-and-tortellini-salad/detail.aspx,http://allrecipes.com/recipe/baked-ziti-iii/detail.aspx,http://allrecipes.com/recipe/noodles-and-eggs/detail.aspx,http://allrecipes.com/recipe/blt-bow-tie-salad/detail.aspx,http://allrecipes.com/recipe/fresh-summertime-bow-tie-ham-salad/detail.aspx,http://allrecipes.com/recipe/easy-chicken-alfredo/detail.aspx,http://allrecipes.com/recipe/tomato-vodka-sauce/detail.aspx,http://allrecipes.com/recipe/tortellini-steak-and-caesar/detail.aspx,http://allrecipes.com/recipe/tuna-mac/detail.aspx,http://allrecipes.com/recipe/quick-creamy-spinach-and-tomato-pasta/detail.aspx,http://allrecipes.com/recipe/sauceless-garden-lasagna/detail.aspx,http://allrecipes.com/recipe/chicken-sausage-and-zucchini-pasta/detail.aspx,http://allrecipes.com/recipe/rainbow-pasta-salad-i/detail.aspx,http://allrecipes.com/recipe/basil-cream-sauce/detail.aspx,http://allrecipes.com/recipe/healthier-macaroni-and-cheese/detail.aspx,http://allrecipes.com/recipe/broccoli-mac-and-cheese-with-bacon-and-potato-nugget-topping/detail.aspx;http://allrecipes.com/recipe/vincentes-macaroni-and-cheese/detail.aspx - http://allrecipes.com/recipe/lisas-lasagne/detail.aspx;http://allrecipes.com/recipe/vincentes-macaroni-and-cheese/detail.aspx
24/06/2022 13:08:07;Scenario Textual;Salad;5;74;31;9;6;False;C;5;http://allrecipes.com/recipe/grandmothers-sour-cream-cucumber-salad/detail.aspx;Meat,Alcohol,Lactose,Seafood;http://allrecipes.com/recipe/potato-salad-with-chives/detail.aspx;http://allrecipes.com/recipe/tofu-salad/detail.aspx;http://allrecipes.com/recipe/beet-summer-salad/detail.aspx;http://allrecipes.com/recipe/cucumber-sunomono/detail.aspx;http://allrecipes.com/recipe/10-minute-tomato-basil-salad/detail.aspx;1;5;http://allrecipes.com/recipe/potato-salad-with-chives/detail.aspx,http://allrecipes.com/recipe/tofu-salad/detail.aspx,http://allrecipes.com/recipe/beet-summer-salad/detail.aspx,http://allrecipes.com/recipe/cucumber-sunomono/detail.aspx,http://allrecipes.com/recipe/sunflower-coleslaw/detail.aspx,http://allrecipes.com/recipe/10-minute-tomato-basil-salad/detail.aspx;http://allrecipes.com/recipe/grandmothers-sour-cream-cucumber-salad/detail.aspx - http://allrecipes.com/recipe/thai-cucumber-tomato-salad/detail.aspx;http://allrecipes.com/recipe/thai-cucumber-tomato-salad/detail.aspx
24/06/2022 13:11:19;Scenario Textual;Pasta;;304;17;60;7;False;C;8;http://allrecipes.com/recipe/vincentes-macaroni-and-cheese/detail.aspx;Alcohol;http://allrecipes.com/recipe/spam-on-the-go/detail.aspx;http://allrecipes.com/recipe/south-of-the-border-mac-and-cheese/detail.aspx;http://allrecipes.com/recipe/ziti-and-eggplant/detail.aspx;http://allrecipes.com/recipe/chicken-sausage-and-zucchini-pasta/detail.aspx;http://allrecipes.com/recipe/sloppy-joe-mac-and-cheese/detail.aspx;0;5;http://allrecipes.com/recipe/spam-on-the-go/detail.aspx,http://allrecipes.com/recipe/south-of-the-border-mac-and-cheese/detail.aspx,http://allrecipes.com/recipe/ziti-and-eggplant/detail.aspx,http://allrecipes.com/recipe/chicken-sausage-and-zucchini-pasta/detail.aspx,http://allrecipes.com/recipe/sloppy-joe-mac-and-cheese/detail.aspx;http://allrecipes.com/recipe/vincentes-macaroni-and-cheese/detail.aspx - http://allrecipes.com/recipe/herbed-chicken-pasta/detail.aspx;http://allrecipes.com/recipe/herbed-chicken-pasta/detail.aspx
24/06/2022 13:15:37;Scenario Textual;Pasta;3;109;35;12;6;True;B;5;http://allrecipes.com/recipe/marinara-with-white-wine/detail.aspx;nothing,Meat;http://allrecipes.com/recipe/tortellini-southwest/detail.aspx;http://allrecipes.com/recipe/easy-sriracha-noodles/detail.aspx;http://allrecipes.com/recipe/pesto-tofu-pasta/detail.aspx;http://allrecipes.com/recipe/fettuccine-alfredo-iii/detail.aspx;http://allrecipes.com/recipe/linguine-with-garlicky-white-clam-sauce/detail.aspx;2;5;http://allrecipes.com/recipe/tortellini-southwest/detail.aspx,http://allrecipes.com/recipe/rutabaga-salad/detail.aspx,http://allrecipes.com/recipe/easy-sriracha-noodles/detail.aspx,http://allrecipes.com/recipe/pesto-tofu-pasta/detail.aspx,http://allrecipes.com/recipe/the-best-clam-sauce/detail.aspx,http://allrecipes.com/recipe/fettuccine-alfredo-iii/detail.aspx,http://allrecipes.com/recipe/linguine-with-garlicky-white-clam-sauce/detail.aspx;http://allrecipes.com/recipe/florentine-fettuccini/detail.aspx - http://allrecipes.com/recipe/marinara-with-white-wine/detail.aspx;http://allrecipes.com/recipe/florentine-fettuccini/detail.aspx
24/06/2022 13:16:03;Scenario Textual;Pasta;5;136;18;66;7;False;A;6;http://allrecipes.com/recipe/fire-roasted-tomato-and-spinach-pasta/detail.aspx;black peas;http://allrecipes.com/recipe/tonys-summer-pasta-2/detail.aspx;http://allrecipes.com/recipe/pasta-with-roasted-butternut-squash-and-sage/detail.aspx;http://allrecipes.com/recipe/spinach-and-pasta-shells/detail.aspx;http://allrecipes.com/recipe/tuna-mac/detail.aspx;http://allrecipes.com/recipe/sweet-and-sour-pasta-salad/detail.aspx;2;5;http://allrecipes.com/recipe/tonys-summer-pasta-2/detail.aspx,http://allrecipes.com/recipe/pasta-with-roasted-butternut-squash-and-sage/detail.aspx,http://allrecipes.com/recipe/microwave-macaroni-and-cheese/detail.aspx,http://allrecipes.com/recipe/spinach-and-pasta-shells/detail.aspx,http://allrecipes.com/recipe/tuna-mac/detail.aspx,http://allrecipes.com/recipe/cold-spaghetti-salad/detail.aspx,http://allrecipes.com/recipe/sweet-and-sour-pasta-salad/detail.aspx;http://allrecipes.com/recipe/fire-roasted-tomato-and-spinach-pasta/detail.aspx - http://allrecipes.com/recipe/tomato-and-basil-pasta-sauce/detail.aspx;http://allrecipes.com/recipe/tomato-and-basil-pasta-sauce/detail.aspx
24/06/2022 13:24:00;Scenario Textual;Dessert;4;98;50;18;6;True;B;6;http://allrecipes.com/recipe/floating-islands-ii/detail.aspx;;http://allrecipes.com/recipe/best-ever-chocolate-chip-cookies-i/detail.aspx;http://allrecipes.com/recipe/how-to-make-vanilla-ice-cream/detail.aspx;http://allrecipes.com/recipe/key-lime-rum-cake/detail.aspx;http://allrecipes.com/recipe/coconut-macaroons-german-style/detail.aspx;http://allrecipes.com/recipe/peanut-butter-blossoms/detail.aspx;9;5;http://allrecipes.com/recipe/best-ever-chocolate-chip-cookies-i/detail.aspx,http://allrecipes.com/recipe/fudge-cake/detail.aspx,http://allrecipes.com/recipe/how-to-make-vanilla-ice-cream/detail.aspx,http://allrecipes.com/recipe/checkerboard-cookies-ii/detail.aspx,http://allrecipes.com/recipe/fabulously-sweet-pear-cake/detail.aspx,http://allrecipes.com/recipe/champagne-salad/detail.aspx,http://allrecipes.com/recipe/apricot-balls/detail.aspx,http://allrecipes.com/recipe/key-lime-rum-cake/detail.aspx,http://allrecipes.com/recipe/zebra-cake-2/detail.aspx,http://allrecipes.com/recipe/taffy-apple-salad-iv/detail.aspx,http://allrecipes.com/recipe/coconut-macaroons-german-style/detail.aspx,http://allrecipes.com/recipe/raspberry-walnut-torte/detail.aspx,http://allrecipes.com/recipe/double-chocolate-brownie-cake/detail.aspx,http://allrecipes.com/recipe/peanut-butter-blossoms/detail.aspx;http://allrecipes.com/recipe/scottleys-basic-yellow-cake/detail.aspx - http://allrecipes.com/recipe/floating-islands-ii/detail.aspx;http://allrecipes.com/recipe/scottleys-basic-yellow-cake/detail.aspx
24/06/2022 13:24:48;Scenario Textual;Salad;4;71;22;9;6;True;A;4;http://allrecipes.com/recipe/thai-cucumber-tomato-salad/detail.aspx;salad ðŸ¥—;http://allrecipes.com/recipe/balsamic-and-herb-quinoa-salad/detail.aspx;http://allrecipes.com/recipe/corn-and-kale-salad/detail.aspx;http://allrecipes.com/recipe/easy-carrot-salad-indian-style/detail.aspx;http://allrecipes.com/recipe/crunchy-turkey-salad/detail.aspx;http://allrecipes.com/recipe/avocado-and-lobster-salad-2/detail.aspx;3;5;http://allrecipes.com/recipe/easy-dorito-taco-salad/detail.aspx,http://allrecipes.com/recipe/beet-and-cucumber-salad/detail.aspx,http://allrecipes.com/recipe/balsamic-and-herb-quinoa-salad/detail.aspx,http://allrecipes.com/recipe/corn-and-kale-salad/detail.aspx,http://allrecipes.com/recipe/easy-carrot-salad-indian-style/detail.aspx,http://allrecipes.com/recipe/insalata-tricolore/detail.aspx,http://allrecipes.com/recipe/crunchy-turkey-salad/detail.aspx,http://allrecipes.com/recipe/avocado-and-lobster-salad-2/detail.aspx;http://allrecipes.com/recipe/cucumber-peanut-salad/detail.aspx - http://allrecipes.com/recipe/thai-cucumber-tomato-salad/detail.aspx;http://allrecipes.com/recipe/cucumber-peanut-salad/detail.aspx
24/06/2022 13:25:26;Scenario Textual;Snack;5;71;38;7;6;True;A;5;http://allrecipes.com/recipe/crispy-pork-wontons/detail.aspx;;http://allrecipes.com/recipe/scotts-coast-to-coast-famous-chicken-wings/detail.aspx;http://allrecipes.com/recipe/buffalo-wontons/detail.aspx;http://allrecipes.com/recipe/asian-lettuce-wraps-2/detail.aspx;http://allrecipes.com/recipe/texas-glazed-pecans/detail.aspx;http://allrecipes.com/recipe/easy-onion-garlic-spread/detail.aspx;1;5;http://allrecipes.com/recipe/scotts-coast-to-coast-famous-chicken-wings/detail.aspx,http://allrecipes.com/recipe/buffalo-wontons/detail.aspx,http://allrecipes.com/recipe/asian-lettuce-wraps-2/detail.aspx,http://allrecipes.com/recipe/light-pimento-cheese/detail.aspx,http://allrecipes.com/recipe/texas-glazed-pecans/detail.aspx,http://allrecipes.com/recipe/easy-onion-garlic-spread/detail.aspx;http://allrecipes.com/recipe/chicken-rangoon/detail.aspx - http://allrecipes.com/recipe/crispy-pork-wontons/detail.aspx;http://allrecipes.com/recipe/chicken-rangoon/detail.aspx
24/06/2022 13:30:29;Scenario Textual;Pasta;5;109;33;20;6;False;C;8;http://allrecipes.com/recipe/spaghetti-with-tomato-and-sausage-sauce/detail.aspx;;http://allrecipes.com/recipe/tangy-buffalo-chicken-pasta-salad/detail.aspx;http://allrecipes.com/recipe/grandma-augustas-spaghetti-sauce/detail.aspx;http://allrecipes.com/recipe/marinara-with-white-wine/detail.aspx;http://allrecipes.com/recipe/spinach-ziti/detail.aspx;http://allrecipes.com/recipe/dads-pad-thai/detail.aspx;5;5;http://allrecipes.com/recipe/tangy-buffalo-chicken-pasta-salad/detail.aspx,http://allrecipes.com/recipe/grandma-augustas-spaghetti-sauce/detail.aspx,http://allrecipes.com/recipe/fettuccine-alfredo-iii/detail.aspx,http://allrecipes.com/recipe/dirty-alfredo/detail.aspx,http://allrecipes.com/recipe/phenomenal-chicken-and-pasta-in-creamy-pesto-sauce/detail.aspx,http://allrecipes.com/recipe/marinara-with-white-wine/detail.aspx,http://allrecipes.com/recipe/broccoli-mac-and-cheese-with-bacon-and-potato-nugget-topping/detail.aspx,http://allrecipes.com/recipe/tomato-and-macaroni-salad/detail.aspx,http://allrecipes.com/recipe/spinach-ziti/detail.aspx,http://allrecipes.com/recipe/dads-pad-thai/detail.aspx;http://allrecipes.com/recipe/spaghetti-with-tomato-and-sausage-sauce/detail.aspx - http://allrecipes.com/recipe/tomato-and-basil-pasta-sauce/detail.aspx;http://allrecipes.com/recipe/tomato-and-basil-pasta-sauce/detail.aspx
24/06/2022 13:31:03;Scenario Textual;Pasta;5;118;24;22;6;True;A;5;http://allrecipes.com/recipe/tuna-mac/detail.aspx;Reflux;http://allrecipes.com/recipe/angelas-alfredo-ham/detail.aspx;http://allrecipes.com/recipe/penne-with-ham-and-parmesan/detail.aspx;http://allrecipes.com/recipe/macaroni-and-cheese-casserole/detail.aspx;http://allrecipes.com/recipe/macaroni-pie/detail.aspx;http://allrecipes.com/recipe/simple-chicken-and-noodles/detail.aspx;1;5;http://allrecipes.com/recipe/angelas-alfredo-ham/detail.aspx,http://allrecipes.com/recipe/penne-with-ham-and-parmesan/detail.aspx,http://allrecipes.com/recipe/sausage-and-zucchini-lasagna/detail.aspx,http://allrecipes.com/recipe/macaroni-and-cheese-casserole/detail.aspx,http://allrecipes.com/recipe/macaroni-pie/detail.aspx,http://allrecipes.com/recipe/simple-chicken-and-noodles/detail.aspx;http://allrecipes.com/recipe/mac-and-cheese-bake/detail.aspx - http://allrecipes.com/recipe/tuna-mac/detail.aspx;http://allrecipes.com/recipe/mac-and-cheese-bake/detail.aspx
24/06/2022 13:33:37;Scenario Textual;Dessert;5;115;36;32;6;True;D;6;http://allrecipes.com/recipe/candied-flowers/detail.aspx;Lactose;http://allrecipes.com/recipe/pie-snacking-cake/detail.aspx;http://allrecipes.com/recipe/easy-chocolate-tofu-pie/detail.aspx;http://allrecipes.com/recipe/chocolate-crinkles-ii/detail.aspx;http://allrecipes.com/recipe/pinwheel-cookies-iii/detail.aspx;http://allrecipes.com/recipe/taffy-apple-salad-iv/detail.aspx;4;5;http://allrecipes.com/recipe/anise-almond-biscotti/detail.aspx,http://allrecipes.com/recipe/pie-snacking-cake/detail.aspx,http://allrecipes.com/recipe/pumpkin-cookies-iv/detail.aspx,http://allrecipes.com/recipe/chilled-cantaloupe-soup/detail.aspx,http://allrecipes.com/recipe/easy-chocolate-tofu-pie/detail.aspx,http://allrecipes.com/recipe/chocolate-crinkles-ii/detail.aspx,http://allrecipes.com/recipe/pinwheel-cookies-iii/detail.aspx,http://allrecipes.com/recipe/hawaiian-wedding-cake-i/detail.aspx,http://allrecipes.com/recipe/taffy-apple-salad-iv/detail.aspx;http://allrecipes.com/recipe/chocoberry-torte/detail.aspx - http://allrecipes.com/recipe/candied-flowers/detail.aspx;http://allrecipes.com/recipe/chocoberry-torte/detail.aspx
24/06/2022 13:34:17;Scenario Textual;Dessert;4;66;15;15;6;True;C;7;http://allrecipes.com/recipe/chocolate-cake-iv/detail.aspx;;http://allrecipes.com/recipe/strawberry-peach-parfait/detail.aspx;http://allrecipes.com/recipe/lemon-bundt-cake/detail.aspx;http://allrecipes.com/recipe/mrs-siggs-peanut-butter-cookies/detail.aspx;http://allrecipes.com/recipe/rumford-sugar-cookies/detail.aspx;http://allrecipes.com/recipe/pudding-poke-cake/detail.aspx;0;5;http://allrecipes.com/recipe/strawberry-peach-parfait/detail.aspx,http://allrecipes.com/recipe/lemon-bundt-cake/detail.aspx,http://allrecipes.com/recipe/mrs-siggs-peanut-butter-cookies/detail.aspx,http://allrecipes.com/recipe/rumford-sugar-cookies/detail.aspx,http://allrecipes.com/recipe/pudding-poke-cake/detail.aspx;http://allrecipes.com/recipe/sugar-free-christmas-cutouts/detail.aspx - http://allrecipes.com/recipe/chocolate-cake-iv/detail.aspx;http://allrecipes.com/recipe/sugar-free-christmas-cutouts/detail.aspx
24/06/2022 14:29:07;Scenario Textual;Pasta;5;259;16;16;6;False;C;7;http://allrecipes.com/recipe/tonys-summer-pasta-2/detail.aspx;Diabetes;http://allrecipes.com/recipe/3-cheese-eggplant-lasagna/detail.aspx;http://allrecipes.com/recipe/peppered-bacon-and-tomato-linguine/detail.aspx;http://allrecipes.com/recipe/rigatoni-surprise/detail.aspx;http://allrecipes.com/recipe/zucchini-alfredo/detail.aspx;http://allrecipes.com/recipe/pattys-pasta-salad/detail.aspx;0;5;http://allrecipes.com/recipe/3-cheese-eggplant-lasagna/detail.aspx,http://allrecipes.com/recipe/peppered-bacon-and-tomato-linguine/detail.aspx,http://allrecipes.com/recipe/rigatoni-surprise/detail.aspx,http://allrecipes.com/recipe/zucchini-alfredo/detail.aspx,http://allrecipes.com/recipe/pattys-pasta-salad/detail.aspx;http://allrecipes.com/recipe/tonys-summer-pasta-2/detail.aspx - http://allrecipes.com/recipe/herbed-chicken-pasta/detail.aspx;http://allrecipes.com/recipe/herbed-chicken-pasta/detail.aspx
24/06/2022 14:35:18;Scenario Textual;Salad;5;98;16;10;6;True;A;4;http://allrecipes.com/recipe/zesty-garden-salad/detail.aspx;Seafood;http://allrecipes.com/recipe/aw-some-coleslaw/detail.aspx;http://allrecipes.com/recipe/busy-day-lunch-salad/detail.aspx;http://allrecipes.com/recipe/cool-cucumber-salad-2/detail.aspx;http://allrecipes.com/recipe/twenty-four-hour-layered-salad/detail.aspx;http://allrecipes.com/recipe/simplistic-pepper-salad/detail.aspx;0;5;http://allrecipes.com/recipe/aw-some-coleslaw/detail.aspx,http://allrecipes.com/recipe/busy-day-lunch-salad/detail.aspx,http://allrecipes.com/recipe/cool-cucumber-salad-2/detail.aspx,http://allrecipes.com/recipe/twenty-four-hour-layered-salad/detail.aspx,http://allrecipes.com/recipe/simplistic-pepper-salad/detail.aspx;http://allrecipes.com/recipe/grandmothers-sour-cream-cucumber-salad/detail.aspx - http://allrecipes.com/recipe/zesty-garden-salad/detail.aspx;http://allrecipes.com/recipe/grandmothers-sour-cream-cucumber-salad/detail.aspx
24/06/2022 14:37:01;Scenario Textual;Snack;5;79;21;6;6;False;D;8;http://allrecipes.com/recipe/mexican-spinach-dip/detail.aspx;coke;http://allrecipes.com/recipe/tortilla-rollups/detail.aspx;http://allrecipes.com/recipe/easy-mini-bagel-pizzas/detail.aspx;http://allrecipes.com/recipe/erins-pico-de-gallo/detail.aspx;http://allrecipes.com/recipe/robeys-blue-crab-deviled-eggs/detail.aspx;http://allrecipes.com/recipe/stuffed-sourdough-loaf/detail.aspx;3;5;http://allrecipes.com/recipe/baked-cheese-spread/detail.aspx,http://allrecipes.com/recipe/tortilla-rollups/detail.aspx,http://allrecipes.com/recipe/easy-mini-bagel-pizzas/detail.aspx,http://allrecipes.com/recipe/sweet-potato-sage-balls/detail.aspx,http://allrecipes.com/recipe/erins-pico-de-gallo/detail.aspx,http://allrecipes.com/recipe/easy-corn-fritters/detail.aspx,http://allrecipes.com/recipe/robeys-blue-crab-deviled-eggs/detail.aspx,http://allrecipes.com/recipe/stuffed-sourdough-loaf/detail.aspx;http://allrecipes.com/recipe/mexican-spinach-dip/detail.aspx - http://allrecipes.com/recipe/carolina-fish-cakes/detail.aspx;http://allrecipes.com/recipe/carolina-fish-cakes/detail.aspx
24/06/2022 14:37:10;Scenario Textual;Dessert;2;170;96;23;6;False;D;10;http://allrecipes.com/recipe/chef-johns-chocolate-lava-cake/detail.aspx;;http://allrecipes.com/recipe/cheesecake-topped-brownies/detail.aspx;http://allrecipes.com/recipe/lemon-delight-2/detail.aspx;http://allrecipes.com/recipe/chocolate-eclair-cake/detail.aspx;http://allrecipes.com/recipe/applesauce-brownies-ii/detail.aspx;http://allrecipes.com/recipe/chocolate-truffle-cookies/detail.aspx;10;5;http://allrecipes.com/recipe/munn-cookies/detail.aspx,http://allrecipes.com/recipe/best-ever-rugelach/detail.aspx,http://allrecipes.com/recipe/apricot-brandy-and-peach-schnapps-pound-cake/detail.aspx,http://allrecipes.com/recipe/rocky-road-turtles-cake/detail.aspx,http://allrecipes.com/recipe/scottish-gingerbread/detail.aspx,http://allrecipes.com/recipe/cheesecake-topped-brownies/detail.aspx,http://allrecipes.com/recipe/coconut-chocolate-cake-i/detail.aspx,http://allrecipes.com/recipe/lemon-delight-2/detail.aspx,http://allrecipes.com/recipe/irish-flag-cookies/detail.aspx,http://allrecipes.com/recipe/apricot-and-peach-fried-pies/detail.aspx,http://allrecipes.com/recipe/chocolate-eclair-cake/detail.aspx,http://allrecipes.com/recipe/applesauce-brownies-ii/detail.aspx,http://allrecipes.com/recipe/butter-mochi-cake/detail.aspx,http://allrecipes.com/recipe/cinnamon-apple-quesadillas/detail.aspx,http://allrecipes.com/recipe/chocolate-truffle-cookies/detail.aspx;http://allrecipes.com/recipe/chef-johns-chocolate-lava-cake/detail.aspx - http://allrecipes.com/recipe/chocolate-cake-iv/detail.aspx;http://allrecipes.com/recipe/chocolate-cake-iv/detail.aspx
24/06/2022 14:42:18;Scenario Textual;Pasta;5;96;37;22;6;True;A;4;http://allrecipes.com/recipe/nicoles-chicken-pasta/detail.aspx;Lactose;http://allrecipes.com/recipe/quick-creamy-spinach-and-tomato-pasta/detail.aspx;http://allrecipes.com/recipe/brooklyn-girls-penne-arrabiata/detail.aspx;http://allrecipes.com/recipe/slumgullion-2/detail.aspx;http://allrecipes.com/recipe/barbeque-chicken-pasta-salad/detail.aspx;http://allrecipes.com/recipe/pasta-with-vegetables/detail.aspx;1;5;http://allrecipes.com/recipe/quick-creamy-spinach-and-tomato-pasta/detail.aspx,http://allrecipes.com/recipe/brooklyn-girls-penne-arrabiata/detail.aspx,http://allrecipes.com/recipe/island-style-linguine/detail.aspx,http://allrecipes.com/recipe/slumgullion-2/detail.aspx,http://allrecipes.com/recipe/barbeque-chicken-pasta-salad/detail.aspx,http://allrecipes.com/recipe/pasta-with-vegetables/detail.aspx;http://allrecipes.com/recipe/quick-pasta-sauce/detail.aspx - http://allrecipes.com/recipe/nicoles-chicken-pasta/detail.aspx;http://allrecipes.com/recipe/quick-pasta-sauce/detail.aspx
24/06/2022 14:42:52;Scenario Textual;Dessert;1;93;17;27;6;True;D;6;http://allrecipes.com/recipe/candied-flowers/detail.aspx;Meat;http://allrecipes.com/recipe/taffy-apple-salad-iv/detail.aspx;http://allrecipes.com/recipe/dead-bones-lossa-morte/detail.aspx;http://allrecipes.com/recipe/eskimo-cookies/detail.aspx;http://allrecipes.com/recipe/flourless-peanut-butter-cookies/detail.aspx;http://allrecipes.com/recipe/sweet-potato-brownies/detail.aspx;0;5;http://allrecipes.com/recipe/taffy-apple-salad-iv/detail.aspx,http://allrecipes.com/recipe/dead-bones-lossa-morte/detail.aspx,http://allrecipes.com/recipe/eskimo-cookies/detail.aspx,http://allrecipes.com/recipe/flourless-peanut-butter-cookies/detail.aspx,http://allrecipes.com/recipe/sweet-potato-brownies/detail.aspx;http://allrecipes.com/recipe/chewy-peanut-butter-strips/detail.aspx - http://allrecipes.com/recipe/candied-flowers/detail.aspx;http://allrecipes.com/recipe/chewy-peanut-butter-strips/detail.aspx
24/06/2022 14:43:25;Scenario Textual;Pasta;4;145;41;32;6;False;D;9;http://allrecipes.com/recipe/prosciutto-parmesan-pasta/detail.aspx;fried food,Reflux;http://allrecipes.com/recipe/ziti-with-tomato-pesto-sauce/detail.aspx;http://allrecipes.com/recipe/angelas-alfredo-ham/detail.aspx;http://allrecipes.com/recipe/penne-with-ham-and-parmesan/detail.aspx;http://allrecipes.com/recipe/layered-spinach-mostaccioli/detail.aspx;http://allrecipes.com/recipe/swiss-cheese-noodle-bake/detail.aspx;5;5;http://allrecipes.com/recipe/sharktooth-pasta/detail.aspx,http://allrecipes.com/recipe/ziti-with-tomato-pesto-sauce/detail.aspx,http://allrecipes.com/recipe/angelas-alfredo-ham/detail.aspx,http://allrecipes.com/recipe/penne-with-ham-and-parmesan/detail.aspx,http://allrecipes.com/recipe/tuna-mac/detail.aspx,http://allrecipes.com/recipe/reheating-pasta/detail.aspx,http://allrecipes.com/recipe/layered-spinach-mostaccioli/detail.aspx,http://allrecipes.com/recipe/fettuccine-alfredo-with-ham/detail.aspx,http://allrecipes.com/recipe/cheater-baked-ziti/detail.aspx,http://allrecipes.com/recipe/swiss-cheese-noodle-bake/detail.aspx;http://allrecipes.com/recipe/prosciutto-parmesan-pasta/detail.aspx - http://allrecipes.com/recipe/vegetarian-slow-cooker-meal/detail.aspx;http://allrecipes.com/recipe/vegetarian-slow-cooker-meal/detail.aspx
24/06/2022 14:45:30;Scenario Textual;Pasta;4;123;40;21;6;True;A;5;http://allrecipes.com/recipe/vegan-lasagna-i/detail.aspx;;http://allrecipes.com/recipe/chicken-and-broccoli-pasta/detail.aspx;http://allrecipes.com/recipe/donnas-lasagna/detail.aspx;http://allrecipes.com/recipe/spicy-shrimp-in-cream-sauce/detail.aspx;http://allrecipes.com/recipe/spinach-and-tortellini-salad/detail.aspx;http://allrecipes.com/recipe/ambers-penne-alla-vodka/detail.aspx;9;5;http://allrecipes.com/recipe/rainbow-pasta-salad-i/detail.aspx,http://allrecipes.com/recipe/spinach-and-pasta-shells/detail.aspx,http://allrecipes.com/recipe/beefy-cheesy-pasta/detail.aspx,http://allrecipes.com/recipe/chicken-and-broccoli-pasta/detail.aspx,http://allrecipes.com/recipe/donnas-lasagna/detail.aspx,http://allrecipes.com/recipe/sloppy-joe-spaghetti/detail.aspx,http://allrecipes.com/recipe/group-effort-pasta/detail.aspx,http://allrecipes.com/recipe/cascadia-fideua/detail.aspx,http://allrecipes.com/recipe/spicy-shrimp-in-cream-sauce/detail.aspx,http://allrecipes.com/recipe/easiest-homestyle-macaroni-and-cheese/detail.aspx,http://allrecipes.com/recipe/jims-birthday-pasta-salad/detail.aspx,http://allrecipes.com/recipe/spinach-and-tortellini-salad/detail.aspx,http://allrecipes.com/recipe/green-bean-orzo-pasta/detail.aspx,http://allrecipes.com/recipe/ambers-penne-alla-vodka/detail.aspx;http://allrecipes.com/recipe/tomato-vodka-sauce/detail.aspx - http://allrecipes.com/recipe/vegan-lasagna-i/detail.aspx;http://allrecipes.com/recipe/tomato-vodka-sauce/detail.aspx
24/06/2022 14:45:47;Scenario Textual;Pasta;3;56;19;10;6;False;A;6;http://allrecipes.com/recipe/quick-pasta-sauce/detail.aspx;Alcohol;http://allrecipes.com/recipe/bolognese-sauce-with-meat/detail.aspx;http://allrecipes.com/recipe/sesame-noodles/detail.aspx;http://allrecipes.com/recipe/tomato-cream-sauce-for-pasta/detail.aspx;http://allrecipes.com/recipe/syrian-spaghetti/detail.aspx;http://allrecipes.com/recipe/creamy-pesto-sauce/detail.aspx;0;5;http://allrecipes.com/recipe/bolognese-sauce-with-meat/detail.aspx,http://allrecipes.com/recipe/sesame-noodles/detail.aspx,http://allrecipes.com/recipe/tomato-cream-sauce-for-pasta/detail.aspx,http://allrecipes.com/recipe/syrian-spaghetti/detail.aspx,http://allrecipes.com/recipe/creamy-pesto-sauce/detail.aspx;http://allrecipes.com/recipe/quick-pasta-sauce/detail.aspx - http://allrecipes.com/recipe/tomato-and-basil-pasta-sauce/detail.aspx;http://allrecipes.com/recipe/tomato-and-basil-pasta-sauce/detail.aspx
24/06/2022 14:46:39;Scenario Textual;Pasta;5;97;18;8;6;False;D;9;http://allrecipes.com/recipe/slow-cooker-macaroni-and-cheese-ii/detail.aspx;/noconstraint,Meat;http://allrecipes.com/recipe/south-of-the-border-mac-and-cheese/detail.aspx;http://allrecipes.com/recipe/southern-macaroni-and-cheese-pie/detail.aspx;http://allrecipes.com/recipe/syrian-spaghetti/detail.aspx;http://allrecipes.com/recipe/ziti-and-eggplant/detail.aspx;http://allrecipes.com/recipe/spinach-mushroom-and-ricotta-fettuccine/detail.aspx;0;5;http://allrecipes.com/recipe/south-of-the-border-mac-and-cheese/detail.aspx,http://allrecipes.com/recipe/southern-macaroni-and-cheese-pie/detail.aspx,http://allrecipes.com/recipe/syrian-spaghetti/detail.aspx,http://allrecipes.com/recipe/ziti-and-eggplant/detail.aspx,http://allrecipes.com/recipe/spinach-mushroom-and-ricotta-fettuccine/detail.aspx;http://allrecipes.com/recipe/slow-cooker-macaroni-and-cheese-ii/detail.aspx - http://allrecipes.com/recipe/lisas-lasagne/detail.aspx;http://allrecipes.com/recipe/lisas-lasagne/detail.aspx
24/06/2022 14:48:11;Scenario Textual;Pasta;5;79;24;24;6;True;A;4;http://allrecipes.com/recipe/pasta-primavera-with-smoked-gouda/detail.aspx;;http://allrecipes.com/recipe/ziti-and-eggplant/detail.aspx;http://allrecipes.com/recipe/chicken-lasagna-iv/detail.aspx;http://allrecipes.com/recipe/pizza-shells/detail.aspx;http://allrecipes.com/recipe/pasta-in-vodka-sauce/detail.aspx;http://allrecipes.com/recipe/barbeque-chicken-pasta-salad/detail.aspx;2;5;http://allrecipes.com/recipe/ziti-and-eggplant/detail.aspx,http://allrecipes.com/recipe/chicken-lasagna-iv/detail.aspx,http://allrecipes.com/recipe/pizza-shells/detail.aspx,http://allrecipes.com/recipe/baked-spaghetti-squash-lasagna-style/detail.aspx,http://allrecipes.com/recipe/pasta-in-vodka-sauce/detail.aspx,http://allrecipes.com/recipe/noodles-and-eggs/detail.aspx,http://allrecipes.com/recipe/barbeque-chicken-pasta-salad/detail.aspx;http://allrecipes.com/recipe/chicken-and-broccoli-pasta/detail.aspx - http://allrecipes.com/recipe/pasta-primavera-with-smoked-gouda/detail.aspx;http://allrecipes.com/recipe/chicken-and-broccoli-pasta/detail.aspx
24/06/2022 14:48:35;Scenario Textual;Dessert;5;34;11;5;6;True;B;5;http://allrecipes.com/recipe/peaches-and-cream-pudding-2/detail.aspx;;http://allrecipes.com/recipe/pineapple-carrot-quick-bread/detail.aspx;http://allrecipes.com/recipe/pumpkin-pie-ii-2/detail.aspx;http://allrecipes.com/recipe/huckleberry-peach-cobbler/detail.aspx;http://allrecipes.com/recipe/safta-miriams-passover-seven-layer-cake/detail.aspx;http://allrecipes.com/recipe/sacher-torte/detail.aspx;1;5;http://allrecipes.com/recipe/pineapple-carrot-quick-bread/detail.aspx,http://allrecipes.com/recipe/pumpkin-pie-ii-2/detail.aspx,http://allrecipes.com/recipe/huckleberry-peach-cobbler/detail.aspx,http://allrecipes.com/recipe/safta-miriams-passover-seven-layer-cake/detail.aspx,http://allrecipes.com/recipe/pasticiotti/detail.aspx,http://allrecipes.com/recipe/sacher-torte/detail.aspx;http://allrecipes.com/recipe/saras-pumpkin-pie/detail.aspx - http://allrecipes.com/recipe/peaches-and-cream-pudding-2/detail.aspx;http://allrecipes.com/recipe/saras-pumpkin-pie/detail.aspx
24/06/2022 14:52:12;Scenario Textual;Snack;4;203;143;10;6;False;B;7;http://allrecipes.com/recipe/deviled-eggs/detail.aspx;Meat;http://allrecipes.com/recipe/mother-in-law-eggs/detail.aspx;http://allrecipes.com/recipe/pumpkin-granola-bars/detail.aspx;http://allrecipes.com/recipe/deviled-eggs-ii/detail.aspx;http://allrecipes.com/recipe/gluten-free-granola-bars/detail.aspx;http://allrecipes.com/recipe/snack-crackers/detail.aspx;22;5;http://allrecipes.com/recipe/roasted-dates-stuffed-with-pine-nuts-in-honey/detail.aspx,http://allrecipes.com/recipe/summer-vegetable-and-goat-cheese-galettes/detail.aspx,http://allrecipes.com/recipe/baked-crab-and-artichoke-dip/detail.aspx,http://allrecipes.com/recipe/crab-with-stilton-cheese/detail.aspx,http://allrecipes.com/recipe/albuquerque-delight/detail.aspx,http://allrecipes.com/recipe/big-game-heroux-dip/detail.aspx,http://allrecipes.com/recipe/petit-toasts-with-brie-fig-and-thyme/detail.aspx,http://allrecipes.com/recipe/mother-in-law-eggs/detail.aspx,http://allrecipes.com/recipe/pumpkin-granola-bars/detail.aspx,http://allrecipes.com/recipe/grilled-bell-peppers-with-goat-cheese/detail.aspx,http://allrecipes.com/recipe/olive-dip/detail.aspx,http://allrecipes.com/recipe/creamy-ricotta-spread/detail.aspx,http://allrecipes.com/recipe/deviled-eggs-ii/detail.aspx,http://allrecipes.com/recipe/nuts-and-bolts-party-mix/detail.aspx,http://allrecipes.com/recipe/easy-onion-garlic-spread/detail.aspx,http://allrecipes.com/recipe/parmesan-baskets/detail.aspx,http://allrecipes.com/recipe/fruity-cream-cheese-spread/detail.aspx,http://allrecipes.com/recipe/gluten-free-granola-bars/detail.aspx,http://allrecipes.com/recipe/football-cheese-ball/detail.aspx,http://allrecipes.com/recipe/baked-cream-cheese-wontons/detail.aspx,http://allrecipes.com/recipe/cold-veggie-squares/detail.aspx,http://allrecipes.com/recipe/pizza-rolls/detail.aspx,http://allrecipes.com/recipe/snack-crackers/detail.aspx;http://allrecipes.com/recipe/deviled-eggs/detail.aspx - http://allrecipes.com/recipe/kens-perfect-hard-boiled-egg-and-i-mean-perfect/detail.aspx;http://allrecipes.com/recipe/kens-perfect-hard-boiled-egg-and-i-mean-perfect/detail.aspx
24/06/2022 14:57:16;Scenario Textual;Pasta;5;168;27;109;9;False;B;7;http://allrecipes.com/recipe/baked-ravioli/detail.aspx;Meat,Alcohol;http://allrecipes.com/recipe/antipasto-salad/detail.aspx;http://allrecipes.com/recipe/ziti-and-eggplant/detail.aspx;http://allrecipes.com/recipe/polish-style-lasagna/detail.aspx;http://allrecipes.com/recipe/angels-ravioli-alfredo-with-mushrooms/detail.aspx;http://allrecipes.com/recipe/perfectly-pasta-salad/detail.aspx;2;5;http://allrecipes.com/recipe/antipasto-salad/detail.aspx,http://allrecipes.com/recipe/ziti-and-eggplant/detail.aspx,http://allrecipes.com/recipe/noodle-pudding/detail.aspx,http://allrecipes.com/recipe/lisas-lasagne/detail.aspx,http://allrecipes.com/recipe/polish-style-lasagna/detail.aspx,http://allrecipes.com/recipe/angels-ravioli-alfredo-with-mushrooms/detail.aspx,http://allrecipes.com/recipe/perfectly-pasta-salad/detail.aspx;http://allrecipes.com/recipe/baked-ravioli/detail.aspx - http://allrecipes.com/recipe/pasta-salad-i/detail.aspx;http://allrecipes.com/recipe/pasta-salad-i/detail.aspx
24/06/2022 15:05:24;Scenario Textual;Snack;3;188;32;95;6;False;B;7;http://allrecipes.com/recipe/taco-dip/detail.aspx;;http://allrecipes.com/recipe/beef-and-salsa-dip/detail.aspx;http://allrecipes.com/recipe/amazing-shrimp-stuffed-mushrooms/detail.aspx;http://allrecipes.com/recipe/sugar-spiced-almonds-2/detail.aspx;http://allrecipes.com/recipe/no-bake-protein-bars/detail.aspx;http://allrecipes.com/recipe/daryls-mexican-dip/detail.aspx;3;5;http://allrecipes.com/recipe/huevos-endiablados/detail.aspx,http://allrecipes.com/recipe/chinese-firecrackers-2/detail.aspx,http://allrecipes.com/recipe/easy-onion-garlic-spread/detail.aspx,http://allrecipes.com/recipe/beef-and-salsa-dip/detail.aspx,http://allrecipes.com/recipe/amazing-shrimp-stuffed-mushrooms/detail.aspx,http://allrecipes.com/recipe/sugar-spiced-almonds-2/detail.aspx,http://allrecipes.com/recipe/no-bake-protein-bars/detail.aspx,http://allrecipes.com/recipe/daryls-mexican-dip/detail.aspx;http://allrecipes.com/recipe/taco-dip/detail.aspx - http://allrecipes.com/recipe/blt-on-a-stick/detail.aspx;http://allrecipes.com/recipe/blt-on-a-stick/detail.aspx
24/06/2022 15:14:35;Scenario Textual;Salad;4;101;31;26;6;True;A;4;http://allrecipes.com/recipe/moroccan-lentil-salad/detail.aspx;none,Cholesterolemia;http://allrecipes.com/recipe/taco-salad-with-spinach/detail.aspx;http://allrecipes.com/recipe/carrot-salad-with-ginger/detail.aspx;http://allrecipes.com/recipe/asparagus-and-mandarin-orange-salad/detail.aspx;http://allrecipes.com/recipe/outrageously-good-holiday-salad/detail.aspx;http://allrecipes.com/recipe/boy-oh-boy-black-bean-salad/detail.aspx;3;5;http://allrecipes.com/recipe/taco-salad-with-spinach/detail.aspx,http://allrecipes.com/recipe/authentic-lebanese-fattoush/detail.aspx,http://allrecipes.com/recipe/bennos-bacon-potato-salad/detail.aspx,http://allrecipes.com/recipe/carrot-salad-with-ginger/detail.aspx,http://allrecipes.com/recipe/asparagus-and-mandarin-orange-salad/detail.aspx,http://allrecipes.com/recipe/outrageously-good-holiday-salad/detail.aspx,http://allrecipes.com/recipe/iranian--persian-salad-shirazi/detail.aspx,http://allrecipes.com/recipe/boy-oh-boy-black-bean-salad/detail.aspx;http://allrecipes.com/recipe/corn-tomato-salad/detail.aspx - http://allrecipes.com/recipe/moroccan-lentil-salad/detail.aspx;http://allrecipes.com/recipe/corn-tomato-salad/detail.aspx
24/06/2022 15:16:36;Scenario Textual;Pasta;4;126;40;39;6;True;A;5;http://allrecipes.com/recipe/lisas-lasagne/detail.aspx;;http://allrecipes.com/recipe/asian-noodle-salad/detail.aspx;http://allrecipes.com/recipe/pasta-primavera-with-smoked-gouda/detail.aspx;http://allrecipes.com/recipe/creamy-macaroni-salad/detail.aspx;http://allrecipes.com/recipe/vincentes-macaroni-and-cheese/detail.aspx;http://allrecipes.com/recipe/veggie-lo-mein/detail.aspx;3;5;http://allrecipes.com/recipe/antipasto-salad/detail.aspx,http://allrecipes.com/recipe/asian-noodle-salad/detail.aspx,http://allrecipes.com/recipe/spinach-and-tomato-rotini/detail.aspx,http://allrecipes.com/recipe/pasta-primavera-with-smoked-gouda/detail.aspx,http://allrecipes.com/recipe/clams-and-sausage-in-spicy-marinara-with-crostini/detail.aspx,http://allrecipes.com/recipe/creamy-macaroni-salad/detail.aspx,http://allrecipes.com/recipe/vincentes-macaroni-and-cheese/detail.aspx,http://allrecipes.com/recipe/veggie-lo-mein/detail.aspx;http://allrecipes.com/recipe/soupier-mac-and-cheese/detail.aspx - http://allrecipes.com/recipe/lisas-lasagne/detail.aspx;http://allrecipes.com/recipe/soupier-mac-and-cheese/detail.aspx
24/06/2022 15:22:15;Scenario Textual;Pasta;4;98;29;32;7;True;A;5;http://allrecipes.com/recipe/mac-and-cheese-i/detail.aspx;onions,Reflux;http://allrecipes.com/recipe/prosciutto-parmesan-pasta/detail.aspx;http://allrecipes.com/recipe/manicotti-ii/detail.aspx;http://allrecipes.com/recipe/baked-spaghetti-casserole/detail.aspx;http://allrecipes.com/recipe/mac-and-cheese-bake/detail.aspx;http://allrecipes.com/recipe/simple-chicken-and-noodles/detail.aspx;3;5;http://allrecipes.com/recipe/spaghetti-salad-ii-2/detail.aspx,http://allrecipes.com/recipe/prosciutto-parmesan-pasta/detail.aspx,http://allrecipes.com/recipe/manicotti-ii/detail.aspx,http://allrecipes.com/recipe/swiss-cheese-noodle-bake/detail.aspx,http://allrecipes.com/recipe/baked-spaghetti-casserole/detail.aspx,http://allrecipes.com/recipe/mac-and-cheese-bake/detail.aspx,http://allrecipes.com/recipe/layered-spinach-mostaccioli/detail.aspx,http://allrecipes.com/recipe/simple-chicken-and-noodles/detail.aspx;http://allrecipes.com/recipe/sausage-and-zucchini-lasagna/detail.aspx - http://allrecipes.com/recipe/eggplant-rollatini/detail.aspx,http://allrecipes.com/recipe/eggplant-rollatini/detail.aspx - http://allrecipes.com/recipe/mac-and-cheese-i/detail.aspx;http://allrecipes.com/recipe/eggplant-rollatini/detail.aspx
24/06/2022 15:39:41;Scenario Textual;Snack;4;98;16;43;7;True;A;5;http://allrecipes.com/recipe/easter-deviled-eggs/detail.aspx;Seafood;http://allrecipes.com/recipe/southern-style-deviled-eggs/detail.aspx;http://allrecipes.com/recipe/new-years-eve-chicken-wings/detail.aspx;http://allrecipes.com/recipe/quick-and-easy-savory-garlic-spread/detail.aspx;http://allrecipes.com/recipe/hanky-panky/detail.aspx;http://allrecipes.com/recipe/pear-pockets/detail.aspx;0;5;http://allrecipes.com/recipe/southern-style-deviled-eggs/detail.aspx,http://allrecipes.com/recipe/new-years-eve-chicken-wings/detail.aspx,http://allrecipes.com/recipe/quick-and-easy-savory-garlic-spread/detail.aspx,http://allrecipes.com/recipe/hanky-panky/detail.aspx,http://allrecipes.com/recipe/pear-pockets/detail.aspx;http://allrecipes.com/recipe/chef-johns-cheesy-crackers/detail.aspx - http://allrecipes.com/recipe/easter-deviled-eggs/detail.aspx;http://allrecipes.com/recipe/chef-johns-cheesy-crackers/detail.aspx
24/06/2022 15:43:17;Scenario Textual;Pasta;5;72;26;26;6;True;A;4;http://allrecipes.com/recipe/pasta-primavera-with-smoked-gouda/detail.aspx;;http://allrecipes.com/recipe/shannons-smoky-macaroni-and-cheese/detail.aspx;http://allrecipes.com/recipe/spaghetti-with-bacon/detail.aspx;http://allrecipes.com/recipe/penne-pasta-with-peas-and-prosciutto/detail.aspx;http://allrecipes.com/recipe/fettuccini-alfredo-i/detail.aspx;http://allrecipes.com/recipe/greek-god-pasta/detail.aspx;3;5;http://allrecipes.com/recipe/mexican-style-spaghetti-and-meatballs/detail.aspx,http://allrecipes.com/recipe/turkey-macaroni-salad/detail.aspx,http://allrecipes.com/recipe/shannons-smoky-macaroni-and-cheese/detail.aspx,http://allrecipes.com/recipe/spaghetti-with-bacon/detail.aspx,http://allrecipes.com/recipe/penne-pasta-with-peas-and-prosciutto/detail.aspx,http://allrecipes.com/recipe/linguine-with-fresh-sage-caper-sauce/detail.aspx,http://allrecipes.com/recipe/fettuccini-alfredo-i/detail.aspx,http://allrecipes.com/recipe/greek-god-pasta/detail.aspx;http://allrecipes.com/recipe/bacon-spaghetti/detail.aspx - http://allrecipes.com/recipe/pasta-primavera-with-smoked-gouda/detail.aspx;http://allrecipes.com/recipe/bacon-spaghetti/detail.aspx
24/06/2022 15:45:48;Scenario Textual;Pasta;5;80;31;22;6;False;A;6;http://allrecipes.com/recipe/creamy-penne-pasta-primavera/detail.aspx;olives;http://allrecipes.com/recipe/lighter-chicken-fettuccine-alfredo/detail.aspx;http://allrecipes.com/recipe/penne-with-asparagus-and-mushrooms/detail.aspx;http://allrecipes.com/recipe/cavatelli-broccoli-and-mushrooms/detail.aspx;http://allrecipes.com/recipe/spaghetti-with-bacon/detail.aspx;http://allrecipes.com/recipe/penne-pasta-with-veggies/detail.aspx;5;5;http://allrecipes.com/recipe/rapini-walnut-macaroni/detail.aspx,http://allrecipes.com/recipe/lighter-chicken-fettuccine-alfredo/detail.aspx,http://allrecipes.com/recipe/easy-vegetarian-red-beans-lasagna/detail.aspx,http://allrecipes.com/recipe/penne-with-asparagus-and-mushrooms/detail.aspx,http://allrecipes.com/recipe/cavatelli-broccoli-and-mushrooms/detail.aspx,http://allrecipes.com/recipe/macaroni-salad-2/detail.aspx,http://allrecipes.com/recipe/spaghetti-with-bacon/detail.aspx,http://allrecipes.com/recipe/sauceless-garden-lasagna/detail.aspx,http://allrecipes.com/recipe/creamy-spinach-pasta/detail.aspx,http://allrecipes.com/recipe/penne-pasta-with-veggies/detail.aspx;http://allrecipes.com/recipe/creamy-penne-pasta-primavera/detail.aspx - http://allrecipes.com/recipe/spaghetti-with-broccoli-and-chicken/detail.aspx;http://allrecipes.com/recipe/spaghetti-with-broccoli-and-chicken/detail.aspx
24/06/2022 15:58:55;Scenario Textual;Salad;3;145;26;69;6;False;A;6;http://allrecipes.com/recipe/insalata-tricolore/detail.aspx;sugar,carbs;http://allrecipes.com/recipe/lebanese-fattoush/detail.aspx;http://allrecipes.com/recipe/simple-delicious-salad/detail.aspx;http://allrecipes.com/recipe/feta-cheese-with-basil-salad/detail.aspx;http://allrecipes.com/recipe/outrageously-good-holiday-salad/detail.aspx;http://allrecipes.com/recipe/busy-day-lunch-salad/detail.aspx;2;5;http://allrecipes.com/recipe/greek-chicken-salad/detail.aspx,http://allrecipes.com/recipe/lebanese-fattoush/detail.aspx,http://allrecipes.com/recipe/heavenly-chicken-salad/detail.aspx,http://allrecipes.com/recipe/simple-delicious-salad/detail.aspx,http://allrecipes.com/recipe/feta-cheese-with-basil-salad/detail.aspx,http://allrecipes.com/recipe/outrageously-good-holiday-salad/detail.aspx,http://allrecipes.com/recipe/busy-day-lunch-salad/detail.aspx;http://allrecipes.com/recipe/insalata-tricolore/detail.aspx - http://allrecipes.com/recipe/authentic-lebanese-fattoush/detail.aspx;http://allrecipes.com/recipe/authentic-lebanese-fattoush/detail.aspx
24/06/2022 16:16:00;Scenario Textual;Dessert;5;181;46;59;6;False;E;11;http://allrecipes.com/recipe/chocolate-oat-squares/detail.aspx;;http://allrecipes.com/recipe/caramel-shortbread/detail.aspx;http://allrecipes.com/recipe/oatmeal-thumbprints/detail.aspx;http://allrecipes.com/recipe/healthier-absolutely-the-best-chocolate-chip-cookies/detail.aspx;http://allrecipes.com/recipe/chocolate-rum-cake-2/detail.aspx;http://allrecipes.com/recipe/old-fashioned-oatmeal-cookies/detail.aspx;0;5;http://allrecipes.com/recipe/caramel-shortbread/detail.aspx,http://allrecipes.com/recipe/oatmeal-thumbprints/detail.aspx,http://allrecipes.com/recipe/healthier-absolutely-the-best-chocolate-chip-cookies/detail.aspx,http://allrecipes.com/recipe/chocolate-rum-cake-2/detail.aspx,http://allrecipes.com/recipe/old-fashioned-oatmeal-cookies/detail.aspx;http://allrecipes.com/recipe/chocolate-oat-squares/detail.aspx - http://allrecipes.com/recipe/chocolate-cake-iv/detail.aspx;http://allrecipes.com/recipe/chocolate-cake-iv/detail.aspx
24/06/2022 16:26:21;Scenario Textual;Pasta;5;116;28;33;6;True;A;5;http://allrecipes.com/recipe/spaghetti-with-broccoli-and-chicken/detail.aspx;Diabetes;http://allrecipes.com/recipe/gorgonzola-cream-sauce/detail.aspx;http://allrecipes.com/recipe/tortellini-bacon-broccoli-salad/detail.aspx;http://allrecipes.com/recipe/manicotti/detail.aspx;http://allrecipes.com/recipe/spicy-sausage-broccoli-rabe-parmesan/detail.aspx;http://allrecipes.com/recipe/chef-johns-blt-pasta/detail.aspx;1;5;http://allrecipes.com/recipe/gorgonzola-cream-sauce/detail.aspx,http://allrecipes.com/recipe/tortellini-bacon-broccoli-salad/detail.aspx,http://allrecipes.com/recipe/baked-ziti-i/detail.aspx,http://allrecipes.com/recipe/manicotti/detail.aspx,http://allrecipes.com/recipe/spicy-sausage-broccoli-rabe-parmesan/detail.aspx,http://allrecipes.com/recipe/chef-johns-blt-pasta/detail.aspx;http://allrecipes.com/recipe/chorizo-and-broccoli-rabe-pasta/detail.aspx - http://allrecipes.com/recipe/spaghetti-with-broccoli-and-chicken/detail.aspx;http://allrecipes.com/recipe/chorizo-and-broccoli-rabe-pasta/detail.aspx
24/06/2022 16:31:55;Scenario Textual;Salad;5;49;21;4;6;False;A;5;http://allrecipes.com/recipe/boy-oh-boy-black-bean-salad/detail.aspx;Lactose,Meat,Alcohol,Cholesterolemia,Seafood;http://allrecipes.com/recipe/pretty-pomegranate-salad/detail.aspx;http://allrecipes.com/recipe/pirates-bounty-spicy-mango-salad/detail.aspx;http://allrecipes.com/recipe/mediterranean-bean-salad/detail.aspx;http://allrecipes.com/recipe/russian-vinaigrette-beet-salad/detail.aspx;http://allrecipes.com/recipe/shellys-super-salad/detail.aspx;0;5;http://allrecipes.com/recipe/pretty-pomegranate-salad/detail.aspx,http://allrecipes.com/recipe/pirates-bounty-spicy-mango-salad/detail.aspx,http://allrecipes.com/recipe/mediterranean-bean-salad/detail.aspx,http://allrecipes.com/recipe/russian-vinaigrette-beet-salad/detail.aspx,http://allrecipes.com/recipe/shellys-super-salad/detail.aspx;http://allrecipes.com/recipe/boy-oh-boy-black-bean-salad/detail.aspx - http://allrecipes.com/recipe/cucumber-tomato-and-red-onion-salad/detail.aspx;http://allrecipes.com/recipe/cucumber-tomato-and-red-onion-salad/detail.aspx
24/06/2022 16:33:35;Scenario Textual;Dessert;4;143;41;56;6;False;E;11;http://allrecipes.com/recipe/chocolate-oat-squares/detail.aspx;;http://allrecipes.com/recipe/whoopie-pies-vii/detail.aspx;http://allrecipes.com/recipe/healthier-absolutely-the-best-chocolate-chip-cookies/detail.aspx;http://allrecipes.com/recipe/greek-honey-cake/detail.aspx;http://allrecipes.com/recipe/caramel-bars/detail.aspx;http://allrecipes.com/recipe/christmas-cookies-i-2/detail.aspx;6;5;http://allrecipes.com/recipe/whoopie-pies-vii/detail.aspx,http://allrecipes.com/recipe/rumford-sugar-cookies/detail.aspx,http://allrecipes.com/recipe/healthier-absolutely-the-best-chocolate-chip-cookies/detail.aspx,http://allrecipes.com/recipe/how-to-make-vanilla-ice-cream/detail.aspx,http://allrecipes.com/recipe/greek-honey-cake/detail.aspx,http://allrecipes.com/recipe/caramel-bars/detail.aspx,http://allrecipes.com/recipe/pumpkin-brulee/detail.aspx,http://allrecipes.com/recipe/banana-upside-down-cake/detail.aspx,http://allrecipes.com/recipe/coconut-chocolate-cake-i/detail.aspx,http://allrecipes.com/recipe/applesauce-brownies-ii/detail.aspx,http://allrecipes.com/recipe/christmas-cookies-i-2/detail.aspx;http://allrecipes.com/recipe/chocolate-oat-squares/detail.aspx - http://allrecipes.com/recipe/sugar-free-christmas-cutouts/detail.aspx;http://allrecipes.com/recipe/sugar-free-christmas-cutouts/detail.aspx
24/06/2022 16:34:14;Scenario Textual;Snack;5;69;28;9;6;False;D;9;http://allrecipes.com/recipe/cold-veggie-squares/detail.aspx;;http://allrecipes.com/recipe/halloween-shrimp-cocktail-brain/detail.aspx;http://allrecipes.com/recipe/leftover-turkey-spring-rolls-with-cranberry-sweet-and-sour-dipping-sauce/detail.aspx;http://allrecipes.com/recipe/pizza-moons/detail.aspx;http://allrecipes.com/recipe/dads-magic-bar-olives/detail.aspx;http://allrecipes.com/recipe/vegetable-pizza-squares/detail.aspx;0;5;http://allrecipes.com/recipe/halloween-shrimp-cocktail-brain/detail.aspx,http://allrecipes.com/recipe/leftover-turkey-spring-rolls-with-cranberry-sweet-and-sour-dipping-sauce/detail.aspx,http://allrecipes.com/recipe/pizza-moons/detail.aspx,http://allrecipes.com/recipe/dads-magic-bar-olives/detail.aspx,http://allrecipes.com/recipe/vegetable-pizza-squares/detail.aspx;http://allrecipes.com/recipe/cold-veggie-squares/detail.aspx - http://allrecipes.com/recipe/easter-deviled-eggs/detail.aspx;http://allrecipes.com/recipe/easter-deviled-eggs/detail.aspx
24/06/2022 16:42:08;Scenario Textual;Salad;4;149;37;16;6;False;B;6;http://allrecipes.com/recipe/arugula-and-romaine-salad-with-red-grapes/detail.aspx;pepper,chilli,Seafood;http://allrecipes.com/recipe/strawberry-blue-cheese-salad/detail.aspx;http://allrecipes.com/recipe/tomato-and-bocconcini-salad-2/detail.aspx;http://allrecipes.com/recipe/french-salad-with-russian-dressing/detail.aspx;http://allrecipes.com/recipe/chickpea-salad/detail.aspx;http://allrecipes.com/recipe/two-bean-and-mango-salad/detail.aspx;1;5;http://allrecipes.com/recipe/strawberry-blue-cheese-salad/detail.aspx,http://allrecipes.com/recipe/tomato-and-bocconcini-salad-2/detail.aspx,http://allrecipes.com/recipe/french-salad-with-russian-dressing/detail.aspx,http://allrecipes.com/recipe/crystals-awesome-potato-salad/detail.aspx,http://allrecipes.com/recipe/chickpea-salad/detail.aspx,http://allrecipes.com/recipe/two-bean-and-mango-salad/detail.aspx;http://allrecipes.com/recipe/arugula-and-romaine-salad-with-red-grapes/detail.aspx - http://allrecipes.com/recipe/summer-lentil-salad/detail.aspx;http://allrecipes.com/recipe/summer-lentil-salad/detail.aspx
24/06/2022 16:52:36;Scenario Textual;Pasta;5;72;45;8;6;True;A;4;http://allrecipes.com/recipe/pasta-primavera-with-smoked-gouda/detail.aspx;Diabetes;http://allrecipes.com/recipe/quick-spaghetti-sauce/detail.aspx;http://allrecipes.com/recipe/sausage-and-zucchini-lasagna/detail.aspx;http://allrecipes.com/recipe/chef-johns-blt-pasta/detail.aspx;http://allrecipes.com/recipe/macaroni-gratinee/detail.aspx;http://allrecipes.com/recipe/chicken-sausage-and-zucchini-pasta/detail.aspx;2;5;http://allrecipes.com/recipe/quick-spaghetti-sauce/detail.aspx,http://allrecipes.com/recipe/lasagna-helper/detail.aspx,http://allrecipes.com/recipe/sausage-and-zucchini-lasagna/detail.aspx,http://allrecipes.com/recipe/chef-johns-blt-pasta/detail.aspx,http://allrecipes.com/recipe/macaroni-gratinee/detail.aspx,http://allrecipes.com/recipe/sarahs-pasta-salad/detail.aspx,http://allrecipes.com/recipe/chicken-sausage-and-zucchini-pasta/detail.aspx;http://allrecipes.com/recipe/easy-roasted-vegetable-lasagna/detail.aspx - http://allrecipes.com/recipe/pasta-primavera-with-smoked-gouda/detail.aspx;http://allrecipes.com/recipe/easy-roasted-vegetable-lasagna/detail.aspx
24/06/2022 17:25:34;Scenario Textual;Snack;4;66;27;7;6;False;D;7;http://allrecipes.com/recipe/almond-you-must-be-nuts-crackers/detail.aspx;Meat;http://allrecipes.com/recipe/festive-olive-cheese-ball/detail.aspx;http://allrecipes.com/recipe/homemade-chili-seasoning-popcorn/detail.aspx;http://allrecipes.com/recipe/quick-zucchini-chips/detail.aspx;http://allrecipes.com/recipe/alaskan-performance-burgers/detail.aspx;http://allrecipes.com/recipe/olive-spread-snackers/detail.aspx;1;5;http://allrecipes.com/recipe/festive-olive-cheese-ball/detail.aspx,http://allrecipes.com/recipe/homemade-chili-seasoning-popcorn/detail.aspx,http://allrecipes.com/recipe/hummus-stuffed-portobello-caps/detail.aspx,http://allrecipes.com/recipe/quick-zucchini-chips/detail.aspx,http://allrecipes.com/recipe/alaskan-performance-burgers/detail.aspx,http://allrecipes.com/recipe/olive-spread-snackers/detail.aspx;http://allrecipes.com/recipe/almond-you-must-be-nuts-crackers/detail.aspx - http://allrecipes.com/recipe/grilled-spicy-sweet-potato-chips/detail.aspx;http://allrecipes.com/recipe/grilled-spicy-sweet-potato-chips/detail.aspx
24/06/2022 17:25:54;Scenario Textual;Pasta;5;66;15;28;7;False;A;6;http://allrecipes.com/recipe/fire-roasted-tomato-and-spinach-pasta/detail.aspx;;http://allrecipes.com/recipe/linguine-with-fresh-sage-caper-sauce/detail.aspx;http://allrecipes.com/recipe/noodles-napoli/detail.aspx;http://allrecipes.com/recipe/pasta-with-spinach-pesto-sauce/detail.aspx;http://allrecipes.com/recipe/macaroni-and-cheese-casserole/detail.aspx;http://allrecipes.com/recipe/awesome-easy-pasta/detail.aspx;1;5;http://allrecipes.com/recipe/ham-it-up-spaghetti/detail.aspx,http://allrecipes.com/recipe/linguine-with-fresh-sage-caper-sauce/detail.aspx,http://allrecipes.com/recipe/noodles-napoli/detail.aspx,http://allrecipes.com/recipe/pasta-with-spinach-pesto-sauce/detail.aspx,http://allrecipes.com/recipe/macaroni-and-cheese-casserole/detail.aspx,http://allrecipes.com/recipe/awesome-easy-pasta/detail.aspx;http://allrecipes.com/recipe/blt-linguine/detail.aspx - http://allrecipes.com/recipe/penne-pasta-with-peas-and-prosciutto/detail.aspx,http://allrecipes.com/recipe/fire-roasted-tomato-and-spinach-pasta/detail.aspx - http://allrecipes.com/recipe/penne-pasta-with-peas-and-prosciutto/detail.aspx;http://allrecipes.com/recipe/penne-pasta-with-peas-and-prosciutto/detail.aspx
24/06/2022 17:51:54;Scenario Textual;Pasta;5;120;34;24;6;True;A;5;http://allrecipes.com/recipe/penne-pasta-with-peas-and-prosciutto/detail.aspx;pork;http://allrecipes.com/recipe/dorm-room-chili-mac/detail.aspx;http://allrecipes.com/recipe/roasted-potato-cauliflower-pasta/detail.aspx;http://allrecipes.com/recipe/sausage-and-asparagus-spaghettini/detail.aspx;http://allrecipes.com/recipe/elbow-macaroni-and-kidney-bean-salad/detail.aspx;http://allrecipes.com/recipe/summer-fresh-pasta-with-tomatoes-and-prosciutto/detail.aspx;0;5;http://allrecipes.com/recipe/dorm-room-chili-mac/detail.aspx,http://allrecipes.com/recipe/roasted-potato-cauliflower-pasta/detail.aspx,http://allrecipes.com/recipe/sausage-and-asparagus-spaghettini/detail.aspx,http://allrecipes.com/recipe/elbow-macaroni-and-kidney-bean-salad/detail.aspx,http://allrecipes.com/recipe/summer-fresh-pasta-with-tomatoes-and-prosciutto/detail.aspx;http://allrecipes.com/recipe/bacon-lettuce-and-tomato-macaroni-salad/detail.aspx - http://allrecipes.com/recipe/penne-pasta-with-peas-and-prosciutto/detail.aspx;http://allrecipes.com/recipe/bacon-lettuce-and-tomato-macaroni-salad/detail.aspx
24/06/2022 18:15:47;Scenario Textual;Pasta;5;132;33;31;6;True;B;5;http://allrecipes.com/recipe/speedy-spaghetti/detail.aspx;;http://allrecipes.com/recipe/creamy-pasta-with-zucchini/detail.aspx;http://allrecipes.com/recipe/home-style-macaroni-and-cheese-2/detail.aspx;http://allrecipes.com/recipe/moms-spaghetti-sauce/detail.aspx;http://allrecipes.com/recipe/baked-spaghetti-casserole/detail.aspx;http://allrecipes.com/recipe/angels-ravioli-alfredo-with-mushrooms/detail.aspx;5;5;http://allrecipes.com/recipe/lasagna/detail.aspx,http://allrecipes.com/recipe/creamy-pasta-with-zucchini/detail.aspx,http://allrecipes.com/recipe/home-style-macaroni-and-cheese-2/detail.aspx,http://allrecipes.com/recipe/moms-spaghetti-sauce/detail.aspx,http://allrecipes.com/recipe/pesto-tofu-pasta/detail.aspx,http://allrecipes.com/recipe/baked-spaghetti-casserole/detail.aspx,http://allrecipes.com/recipe/cordon-bleu-salad/detail.aspx,http://allrecipes.com/recipe/saffron-scented-cauliflower-pasta/detail.aspx,http://allrecipes.com/recipe/easy-pasta-fagioli/detail.aspx,http://allrecipes.com/recipe/angels-ravioli-alfredo-with-mushrooms/detail.aspx;http://allrecipes.com/recipe/alfredo-sauce-2/detail.aspx - http://allrecipes.com/recipe/speedy-spaghetti/detail.aspx;http://allrecipes.com/recipe/alfredo-sauce-2/detail.aspx
24/06/2022 18:51:39;Scenario Textual;Pasta;4;141;52;39;6;False;D;8;http://allrecipes.com/recipe/penne-pasta-with-veggies/detail.aspx;;http://allrecipes.com/recipe/pattys-pasta-salad/detail.aspx;http://allrecipes.com/recipe/maris-chicken-and-pasta/detail.aspx;http://allrecipes.com/recipe/katies-chicken-and-broccoli-pasta/detail.aspx;http://allrecipes.com/recipe/lemon-cream-pasta-with-chicken/detail.aspx;http://allrecipes.com/recipe/colorful-chicken-pesto-with-asparagus-sun-dried-tomatoes-and-peppers/detail.aspx;10;5;http://allrecipes.com/recipe/pasta-sauce-a-la-pauly/detail.aspx,http://allrecipes.com/recipe/pattys-pasta-salad/detail.aspx,http://allrecipes.com/recipe/maris-chicken-and-pasta/detail.aspx,http://allrecipes.com/recipe/ellens-muffaletta-pasta-salad/detail.aspx,http://allrecipes.com/recipe/cabbage-and-noodles/detail.aspx,http://allrecipes.com/recipe/katies-chicken-and-broccoli-pasta/detail.aspx,http://allrecipes.com/recipe/dirty-alfredo/detail.aspx,http://allrecipes.com/recipe/pasta-salad-ii/detail.aspx,http://allrecipes.com/recipe/lemon-cream-pasta-with-chicken/detail.aspx,http://allrecipes.com/recipe/pastitsio-iii/detail.aspx,http://allrecipes.com/recipe/florentine-fettuccini/detail.aspx,http://allrecipes.com/recipe/cheese-tortellini-salad/detail.aspx,http://allrecipes.com/recipe/sarahs-pasta-salad/detail.aspx,http://allrecipes.com/recipe/linguine-with-fresh-sage-caper-sauce/detail.aspx,http://allrecipes.com/recipe/colorful-chicken-pesto-with-asparagus-sun-dried-tomatoes-and-peppers/detail.aspx;http://allrecipes.com/recipe/penne-pasta-with-veggies/detail.aspx - http://allrecipes.com/recipe/chicken-penne-italiano/detail.aspx;http://allrecipes.com/recipe/chicken-penne-italiano/detail.aspx
24/06/2022 18:59:53;Scenario Textual;Salad;5;221;30;137;10;True;A;5;http://allrecipes.com/recipe/iceberg-wedge-salad-with-warm-bacon-dressing/detail.aspx;pron;http://allrecipes.com/recipe/chinese-chicken-salad-ii/detail.aspx;http://allrecipes.com/recipe/mothers-potato-salad/detail.aspx;http://allrecipes.com/recipe/easy-and-fast-cajun-chicken-caesar-salad/detail.aspx;http://allrecipes.com/recipe/chicken-salad/detail.aspx;http://allrecipes.com/recipe/grapefruit-and-avocado-salad/detail.aspx;2;5;http://allrecipes.com/recipe/chinese-chicken-salad-ii/detail.aspx,http://allrecipes.com/recipe/mothers-potato-salad/detail.aspx,http://allrecipes.com/recipe/easy-and-fast-cajun-chicken-caesar-salad/detail.aspx,http://allrecipes.com/recipe/best-ever-tuna-salad/detail.aspx,http://allrecipes.com/recipe/harvest-slaw/detail.aspx,http://allrecipes.com/recipe/chicken-salad/detail.aspx,http://allrecipes.com/recipe/grapefruit-and-avocado-salad/detail.aspx;http://allrecipes.com/recipe/chicken-salad-with-bacon-lettuce-and-tomato/detail.aspx - http://allrecipes.com/recipe/iceberg-wedge-salad-with-warm-bacon-dressing/detail.aspx;http://allrecipes.com/recipe/chicken-salad-with-bacon-lettuce-and-tomato/detail.aspx
24/06/2022 19:05:50;Scenario Textual;Dessert;4;138;41;34;6;True;B;6;http://allrecipes.com/recipe/floating-islands-ii/detail.aspx;gluten;http://allrecipes.com/recipe/golden-rum-cake/detail.aspx;http://allrecipes.com/recipe/baileys-irish-cupcakes/detail.aspx;http://allrecipes.com/recipe/basic-cheesecake/detail.aspx;http://allrecipes.com/recipe/moist-holiday-honeycake/detail.aspx;http://allrecipes.com/recipe/pie-snacking-cake/detail.aspx;6;5;http://allrecipes.com/recipe/golden-rum-cake/detail.aspx,http://allrecipes.com/recipe/healthier-absolutely-the-best-chocolate-chip-cookies/detail.aspx,http://allrecipes.com/recipe/best-ever-chocolate-chip-cookies-i/detail.aspx,http://allrecipes.com/recipe/zebra-cake-2/detail.aspx,http://allrecipes.com/recipe/fruitcake-cookies/detail.aspx,http://allrecipes.com/recipe/baileys-irish-cupcakes/detail.aspx,http://allrecipes.com/recipe/basic-cheesecake/detail.aspx,http://allrecipes.com/recipe/peanut-butter-blossoms/detail.aspx,http://allrecipes.com/recipe/moist-holiday-honeycake/detail.aspx,http://allrecipes.com/recipe/pie-snacking-cake/detail.aspx;http://allrecipes.com/recipe/sour-cream-coffee-cake-iii/detail.aspx - http://allrecipes.com/recipe/floating-islands-ii/detail.aspx;http://allrecipes.com/recipe/sour-cream-coffee-cake-iii/detail.aspx
24/06/2022 19:05:53;Scenario Textual;Dessert;4;132;47;17;6;False;E;10;http://allrecipes.com/recipe/pumpkin-cupcakes-with-cream-cheese-frosting/detail.aspx;Reflux;http://allrecipes.com/recipe/pumpkin-pie-ii-2/detail.aspx;http://allrecipes.com/recipe/pumpkin-roll-iii-2/detail.aspx;http://allrecipes.com/recipe/peach-and-cream-cheese-torte/detail.aspx;http://allrecipes.com/recipe/eskimo-cookies/detail.aspx;http://allrecipes.com/recipe/gilded-chocolate-shortbread/detail.aspx;6;5;http://allrecipes.com/recipe/pumpkin-pie-ii-2/detail.aspx,http://allrecipes.com/recipe/finnish-blueberry-pie/detail.aspx,http://allrecipes.com/recipe/drozdzowka-polish-yeast-plum-cake/detail.aspx,http://allrecipes.com/recipe/juanitas-blackberry-dumplings/detail.aspx,http://allrecipes.com/recipe/pumpkin-roll-iii-2/detail.aspx,http://allrecipes.com/recipe/peach-and-cream-cheese-torte/detail.aspx,http://allrecipes.com/recipe/caramel-crispy-rice-treats/detail.aspx,http://allrecipes.com/recipe/eskimo-cookies/detail.aspx,http://allrecipes.com/recipe/apricot-cookies/detail.aspx,http://allrecipes.com/recipe/pumpkin-upside-down-cake/detail.aspx,http://allrecipes.com/recipe/gilded-chocolate-shortbread/detail.aspx;http://allrecipes.com/recipe/pumpkin-cupcakes-with-cream-cheese-frosting/detail.aspx - http://allrecipes.com/recipe/peaches-and-cream-pudding-2/detail.aspx;http://allrecipes.com/recipe/peaches-and-cream-pudding-2/detail.aspx
24/06/2022 20:07:59;Scenario Textual;Snack;4;206;35;15;6;False;C;8;http://allrecipes.com/recipe/devilish-guac-eggs/detail.aspx;Alcohol;http://allrecipes.com/recipe/andies-stuffed-mushrooms/detail.aspx;http://allrecipes.com/recipe/caramel-pretzel-nut-popcorn/detail.aspx;http://allrecipes.com/recipe/fabiennes-black-olive-and-curry-deviled-eggs/detail.aspx;http://allrecipes.com/recipe/light-pimento-cheese/detail.aspx;http://allrecipes.com/recipe/baked-tortilla-chips/detail.aspx;3;5;http://allrecipes.com/recipe/andies-stuffed-mushrooms/detail.aspx,http://allrecipes.com/recipe/caramel-pretzel-nut-popcorn/detail.aspx,http://allrecipes.com/recipe/fabiennes-black-olive-and-curry-deviled-eggs/detail.aspx,http://allrecipes.com/recipe/petit-toasts-with-brie-fig-and-thyme/detail.aspx,http://allrecipes.com/recipe/okra-patties/detail.aspx,http://allrecipes.com/recipe/homemade-chili-seasoning-popcorn/detail.aspx,http://allrecipes.com/recipe/light-pimento-cheese/detail.aspx,http://allrecipes.com/recipe/baked-tortilla-chips/detail.aspx;http://allrecipes.com/recipe/devilish-guac-eggs/detail.aspx - http://allrecipes.com/recipe/fresh-tortilla-triangles/detail.aspx;http://allrecipes.com/recipe/fresh-tortilla-triangles/detail.aspx
24/06/2022 20:13:01;Scenario Textual;Snack;5;87;25;8;6;True;A;5;http://allrecipes.com/recipe/easter-deviled-eggs/detail.aspx;Diabetes;http://allrecipes.com/recipe/horseradish-deviled-eggs/detail.aspx;http://allrecipes.com/recipe/delectable-deviled-eggs/detail.aspx;http://allrecipes.com/recipe/mexican-cheese-cake/detail.aspx;http://allrecipes.com/recipe/edamame-stuffed-wontons/detail.aspx;http://allrecipes.com/recipe/crab-fritters/detail.aspx;2;5;http://allrecipes.com/recipe/horseradish-deviled-eggs/detail.aspx,http://allrecipes.com/recipe/delectable-deviled-eggs/detail.aspx,http://allrecipes.com/recipe/arlenes-shrimp-dip/detail.aspx,http://allrecipes.com/recipe/mexican-cheese-cake/detail.aspx,http://allrecipes.com/recipe/edamame-stuffed-wontons/detail.aspx,http://allrecipes.com/recipe/crispy-pork-wontons/detail.aspx,http://allrecipes.com/recipe/crab-fritters/detail.aspx;http://allrecipes.com/recipe/horseradish-cream-cheese-deviled-eggs/detail.aspx - http://allrecipes.com/recipe/easter-deviled-eggs/detail.aspx;http://allrecipes.com/recipe/horseradish-cream-cheese-deviled-eggs/detail.aspx
24/06/2022 20:15:39;Scenario Textual;Snack;5;88;43;10;6;False;D;9;http://allrecipes.com/recipe/jalapeno-poppers-of-champions/detail.aspx;Alcohol;http://allrecipes.com/recipe/grilled-jalapeno-poppers/detail.aspx;http://allrecipes.com/recipe/bacon-chicken-livers/detail.aspx;http://allrecipes.com/recipe/cheddar-crackers/detail.aspx;http://allrecipes.com/recipe/lumpia---filipino-shrimp-and-pork-egg-rolls/detail.aspx;http://allrecipes.com/recipe/chicken-wraps/detail.aspx;5;5;http://allrecipes.com/recipe/kansas-quail/detail.aspx,http://allrecipes.com/recipe/grilled-jalapeno-poppers/detail.aspx,http://allrecipes.com/recipe/buffalo-chicken-wings/detail.aspx,http://allrecipes.com/recipe/bacon-chicken-livers/detail.aspx,http://allrecipes.com/recipe/antipasto-on-a-stick/detail.aspx,http://allrecipes.com/recipe/cheddar-crackers/detail.aspx,http://allrecipes.com/recipe/honey-roasted-peanuts/detail.aspx,http://allrecipes.com/recipe/lumpia---filipino-shrimp-and-pork-egg-rolls/detail.aspx,http://allrecipes.com/recipe/stack-of-onion-rings/detail.aspx,http://allrecipes.com/recipe/chicken-wraps/detail.aspx;http://allrecipes.com/recipe/jalapeno-poppers-of-champions/detail.aspx - http://allrecipes.com/recipe/honey-lime-chicken-wings/detail.aspx;http://allrecipes.com/recipe/honey-lime-chicken-wings/detail.aspx
24/06/2022 20:37:51;Scenario Textual;Pasta;;138;49;14;6;False;C;7;http://allrecipes.com/recipe/easy-asian-pasta-salad/detail.aspx;Meat,Lactose;http://allrecipes.com/recipe/spaghetti-salad-i-2/detail.aspx;http://allrecipes.com/recipe/jap-chae-korean-glass-noodles/detail.aspx;http://allrecipes.com/recipe/vegan-lasagna-i/detail.aspx;http://allrecipes.com/recipe/soba-with-toasted-sesame-seed-sauce/detail.aspx;http://allrecipes.com/recipe/barbeque-macaroni-salad/detail.aspx;0;5;http://allrecipes.com/recipe/spaghetti-salad-i-2/detail.aspx,http://allrecipes.com/recipe/jap-chae-korean-glass-noodles/detail.aspx,http://allrecipes.com/recipe/vegan-lasagna-i/detail.aspx,http://allrecipes.com/recipe/soba-with-toasted-sesame-seed-sauce/detail.aspx,http://allrecipes.com/recipe/barbeque-macaroni-salad/detail.aspx;http://allrecipes.com/recipe/easy-asian-pasta-salad/detail.aspx - http://allrecipes.com/recipe/tomato-and-basil-pasta-sauce/detail.aspx;http://allrecipes.com/recipe/tomato-and-basil-pasta-sauce/detail.aspx
24/06/2022 21:01:19;Scenario Textual;Salad;4;104;57;24;6;False;C;8;http://allrecipes.com/recipe/caesar-salad-i/detail.aspx;Alcohol;http://allrecipes.com/recipe/jennys-sweet-waldorf-salad/detail.aspx;http://allrecipes.com/recipe/easy-and-quick-strawberry-summer-salad/detail.aspx;http://allrecipes.com/recipe/caesar-salad-ii/detail.aspx;http://allrecipes.com/recipe/balela-salad/detail.aspx;http://allrecipes.com/recipe/the-best-spinach-salad-ever/detail.aspx;5;5;http://allrecipes.com/recipe/cobb-salad/detail.aspx,http://allrecipes.com/recipe/texas-ranch-potato-salad/detail.aspx,http://allrecipes.com/recipe/mardis-broccoli-salad/detail.aspx,http://allrecipes.com/recipe/jennys-sweet-waldorf-salad/detail.aspx,http://allrecipes.com/recipe/easy-and-quick-strawberry-summer-salad/detail.aspx,http://allrecipes.com/recipe/caesar-salad-ii/detail.aspx,http://allrecipes.com/recipe/greek-potato-salad/detail.aspx,http://allrecipes.com/recipe/balela-salad/detail.aspx,http://allrecipes.com/recipe/san-antonio-salad/detail.aspx,http://allrecipes.com/recipe/the-best-spinach-salad-ever/detail.aspx;http://allrecipes.com/recipe/caesar-salad-i/detail.aspx - http://allrecipes.com/recipe/lizs-strawberry-and-cucumber-salad/detail.aspx;http://allrecipes.com/recipe/lizs-strawberry-and-cucumber-salad/detail.aspx
24/06/2022 21:52:49;Scenario Textual;Pasta;5;165;23;6;6;False;B;7;http://allrecipes.com/recipe/deep-dish-lasagna/detail.aspx;okay,Seafood,Diabetes;http://allrecipes.com/recipe/greek-god-pasta/detail.aspx;http://allrecipes.com/recipe/southwestern-lasagna-2/detail.aspx;http://allrecipes.com/recipe/baked-spaghetti-squash-lasagna-style/detail.aspx;http://allrecipes.com/recipe/pasta-with-cilantro-pesto-and-barley/detail.aspx;http://allrecipes.com/recipe/chicken-lo-mein-with-broccoli/detail.aspx;0;5;http://allrecipes.com/recipe/greek-god-pasta/detail.aspx,http://allrecipes.com/recipe/southwestern-lasagna-2/detail.aspx,http://allrecipes.com/recipe/baked-spaghetti-squash-lasagna-style/detail.aspx,http://allrecipes.com/recipe/pasta-with-cilantro-pesto-and-barley/detail.aspx,http://allrecipes.com/recipe/chicken-lo-mein-with-broccoli/detail.aspx;http://allrecipes.com/recipe/deep-dish-lasagna/detail.aspx - http://allrecipes.com/recipe/herbed-chicken-pasta/detail.aspx;http://allrecipes.com/recipe/herbed-chicken-pasta/detail.aspx
24/06/2022 23:28:54;Scenario Textual;Dessert;4;63;19;17;6;True;D;7;http://allrecipes.com/recipe/peanut-butter-candy/detail.aspx;;http://allrecipes.com/recipe/pumpkin-upside-down-cake/detail.aspx;http://allrecipes.com/recipe/oatmeal-thumbprints/detail.aspx;http://allrecipes.com/recipe/caramels-i/detail.aspx;http://allrecipes.com/recipe/monster-cookies-vii/detail.aspx;http://allrecipes.com/recipe/rainbow-cupcake-cones/detail.aspx;4;5;http://allrecipes.com/recipe/pumpkin-upside-down-cake/detail.aspx,http://allrecipes.com/recipe/fresh-peach-cobbler-i/detail.aspx,http://allrecipes.com/recipe/apricot-cookies/detail.aspx,http://allrecipes.com/recipe/oatmeal-thumbprints/detail.aspx,http://allrecipes.com/recipe/caramels-i/detail.aspx,http://allrecipes.com/recipe/pistachio-salad/detail.aspx,http://allrecipes.com/recipe/rocky-road-turtles-cake/detail.aspx,http://allrecipes.com/recipe/monster-cookies-vii/detail.aspx,http://allrecipes.com/recipe/rainbow-cupcake-cones/detail.aspx;http://allrecipes.com/recipe/cut-out-cookies-made-with-oat-flour/detail.aspx - http://allrecipes.com/recipe/peanut-butter-candy/detail.aspx;http://allrecipes.com/recipe/cut-out-cookies-made-with-oat-flour/detail.aspx
